{
    "precision": 0.6075388026607539,
    "recall": 0.6075388026607539,
    "fscore": 0.6075388026607539
}